-- MySQL dump 10.13  Distrib 8.0.35, for Win64 (x86_64)
--
-- Host: localhost    Database: sky_take_out
-- ------------------------------------------------------
-- Server version	8.0.35

/*!40101 SET @OLD_CHARACTER_SET_CLIENT=@@CHARACTER_SET_CLIENT */;
/*!40101 SET @OLD_CHARACTER_SET_RESULTS=@@CHARACTER_SET_RESULTS */;
/*!40101 SET @OLD_COLLATION_CONNECTION=@@COLLATION_CONNECTION */;
/*!50503 SET NAMES utf8mb4 */;
/*!40103 SET @OLD_TIME_ZONE=@@TIME_ZONE */;
/*!40103 SET TIME_ZONE='+00:00' */;
/*!40014 SET @OLD_UNIQUE_CHECKS=@@UNIQUE_CHECKS, UNIQUE_CHECKS=0 */;
/*!40014 SET @OLD_FOREIGN_KEY_CHECKS=@@FOREIGN_KEY_CHECKS, FOREIGN_KEY_CHECKS=0 */;
/*!40101 SET @OLD_SQL_MODE=@@SQL_MODE, SQL_MODE='NO_AUTO_VALUE_ON_ZERO' */;
/*!40111 SET @OLD_SQL_NOTES=@@SQL_NOTES, SQL_NOTES=0 */;

--
-- Table structure for table `address_book`
--

DROP TABLE IF EXISTS `address_book`;
/*!40101 SET @saved_cs_client     = @@character_set_client */;
/*!50503 SET character_set_client = utf8mb4 */;
CREATE TABLE `address_book` (
  `id` bigint NOT NULL AUTO_INCREMENT COMMENT '主键',
  `user_id` bigint NOT NULL COMMENT '用户id',
  `consignee` varchar(50) CHARACTER SET utf8mb3 COLLATE utf8mb3_bin DEFAULT NULL COMMENT '收货人',
  `sex` varchar(2) CHARACTER SET utf8mb3 COLLATE utf8mb3_bin DEFAULT NULL COMMENT '性别',
  `phone` varchar(11) CHARACTER SET utf8mb3 COLLATE utf8mb3_bin NOT NULL COMMENT '手机号',
  `province_code` varchar(12) CHARACTER SET utf8mb4 COLLATE utf8mb4_0900_ai_ci DEFAULT NULL COMMENT '省级区划编号',
  `province_name` varchar(32) CHARACTER SET utf8mb4 COLLATE utf8mb4_0900_ai_ci DEFAULT NULL COMMENT '省级名称',
  `city_code` varchar(12) CHARACTER SET utf8mb4 COLLATE utf8mb4_0900_ai_ci DEFAULT NULL COMMENT '市级区划编号',
  `city_name` varchar(32) CHARACTER SET utf8mb4 COLLATE utf8mb4_0900_ai_ci DEFAULT NULL COMMENT '市级名称',
  `district_code` varchar(12) CHARACTER SET utf8mb4 COLLATE utf8mb4_0900_ai_ci DEFAULT NULL COMMENT '区级区划编号',
  `district_name` varchar(32) CHARACTER SET utf8mb4 COLLATE utf8mb4_0900_ai_ci DEFAULT NULL COMMENT '区级名称',
  `detail` varchar(200) CHARACTER SET utf8mb4 COLLATE utf8mb4_0900_ai_ci DEFAULT NULL COMMENT '详细地址',
  `label` varchar(100) CHARACTER SET utf8mb4 COLLATE utf8mb4_0900_ai_ci DEFAULT NULL COMMENT '标签',
  `is_default` tinyint(1) NOT NULL DEFAULT '0' COMMENT '默认 0 否 1是',
  PRIMARY KEY (`id`)
) ENGINE=InnoDB AUTO_INCREMENT=2 DEFAULT CHARSET=utf8mb3 COLLATE=utf8mb3_bin COMMENT='地址簿';
/*!40101 SET character_set_client = @saved_cs_client */;

--
-- Dumping data for table `address_book`
--

LOCK TABLES `address_book` WRITE;
/*!40000 ALTER TABLE `address_book` DISABLE KEYS */;
/*!40000 ALTER TABLE `address_book` ENABLE KEYS */;
UNLOCK TABLES;

--
-- Table structure for table `category`
--

DROP TABLE IF EXISTS `category`;
/*!40101 SET @saved_cs_client     = @@character_set_client */;
/*!50503 SET character_set_client = utf8mb4 */;
CREATE TABLE `category` (
  `id` bigint NOT NULL AUTO_INCREMENT COMMENT '主键',
  `type` int DEFAULT NULL COMMENT '类型   1 菜品分类 2 套餐分类',
  `name` varchar(32) CHARACTER SET utf8mb3 COLLATE utf8mb3_bin NOT NULL COMMENT '分类名称',
  `sort` int NOT NULL DEFAULT '0' COMMENT '顺序',
  `status` int DEFAULT NULL COMMENT '分类状态 0:禁用，1:启用',
  `create_time` datetime DEFAULT NULL COMMENT '创建时间',
  `update_time` datetime DEFAULT NULL COMMENT '更新时间',
  `create_user` bigint DEFAULT NULL COMMENT '创建人',
  `update_user` bigint DEFAULT NULL COMMENT '修改人',
  PRIMARY KEY (`id`),
  UNIQUE KEY `idx_category_name` (`name`)
) ENGINE=InnoDB AUTO_INCREMENT=23 DEFAULT CHARSET=utf8mb3 COLLATE=utf8mb3_bin COMMENT='菜品及套餐分类';
/*!40101 SET character_set_client = @saved_cs_client */;

--
-- Dumping data for table `category`
--

LOCK TABLES `category` WRITE;
/*!40000 ALTER TABLE `category` DISABLE KEYS */;
INSERT INTO `category` VALUES (11,1,'酒水饮料',10,1,'2022-06-09 22:09:18','2022-06-09 22:09:18',1,1),(12,1,'传统主食',9,1,'2022-06-09 22:09:32','2022-06-09 22:18:53',1,1),(13,2,'人气套餐',12,1,'2022-06-09 22:11:38','2022-06-10 11:04:40',1,1),(15,2,'商务套餐',13,1,'2022-06-09 22:14:10','2022-06-10 11:04:48',1,1),(16,1,'蜀味烤鱼',4,1,'2022-06-09 22:15:37','2022-08-31 14:27:25',1,1),(17,1,'蜀味牛蛙',5,1,'2022-06-09 22:16:14','2022-08-31 14:39:44',1,1),(18,1,'特色蒸菜',6,1,'2022-06-09 22:17:42','2022-06-09 22:17:42',1,1),(19,1,'新鲜时蔬',7,1,'2022-06-09 22:18:12','2022-06-09 22:18:28',1,1),(20,1,'水煮鱼',8,1,'2022-06-09 22:22:29','2022-06-09 22:23:45',1,1),(21,1,'汤类',11,1,'2022-06-10 10:51:47','2022-06-10 10:51:47',1,1);
/*!40000 ALTER TABLE `category` ENABLE KEYS */;
UNLOCK TABLES;

--
-- Table structure for table `dish`
--

DROP TABLE IF EXISTS `dish`;
/*!40101 SET @saved_cs_client     = @@character_set_client */;
/*!50503 SET character_set_client = utf8mb4 */;
CREATE TABLE `dish` (
  `id` bigint NOT NULL AUTO_INCREMENT COMMENT '主键',
  `name` varchar(32) CHARACTER SET utf8mb3 COLLATE utf8mb3_bin NOT NULL COMMENT '菜品名称',
  `category_id` bigint NOT NULL COMMENT '菜品分类id',
  `price` decimal(10,2) DEFAULT NULL COMMENT '菜品价格',
  `image` varchar(255) CHARACTER SET utf8mb3 COLLATE utf8mb3_bin DEFAULT NULL COMMENT '图片',
  `description` varchar(255) CHARACTER SET utf8mb3 COLLATE utf8mb3_bin DEFAULT NULL COMMENT '描述信息',
  `status` int DEFAULT '1' COMMENT '0 停售 1 起售',
  `create_time` datetime DEFAULT NULL COMMENT '创建时间',
  `update_time` datetime DEFAULT NULL COMMENT '更新时间',
  `create_user` bigint DEFAULT NULL COMMENT '创建人',
  `update_user` bigint DEFAULT NULL COMMENT '修改人',
  PRIMARY KEY (`id`),
  UNIQUE KEY `idx_dish_name` (`name`)
) ENGINE=InnoDB AUTO_INCREMENT=70 DEFAULT CHARSET=utf8mb3 COLLATE=utf8mb3_bin COMMENT='菜品';
/*!40101 SET character_set_client = @saved_cs_client */;

--
-- Dumping data for table `dish`
--

LOCK TABLES `dish` WRITE;
/*!40000 ALTER TABLE `dish` DISABLE KEYS */;
INSERT INTO `dish` VALUES (46,'王老吉',11,6.00,'https://chen01-take-out.oss-cn-beijing.aliyuncs.com/5179833d-5417-417e-80d5-d29041126d73.png','',1,'2022-06-09 22:40:47','2022-06-09 22:40:47',1,1),(47,'北冰洋',11,4.00,'https://chen01-take-out.oss-cn-beijing.aliyuncs.com/48b82abf-96ed-48be-8ed0-2808be6925e7.png','还是小时候的味道',1,'2022-06-10 09:18:49','2022-06-10 09:18:49',1,1),(48,'雪花啤酒',11,4.00,'https://chen01-take-out.oss-cn-beijing.aliyuncs.com/c5c33a63-afa2-4aa5-a81f-16369e80df5b.png','',1,'2022-06-10 09:22:54','2022-06-10 09:22:54',1,1),(49,'米饭',12,2.00,'https://chen01-take-out.oss-cn-beijing.aliyuncs.com/4b1baf51-1cab-46ca-abf8-ad7b21a8b025.png','精选五常大米',1,'2022-06-10 09:30:17','2022-06-10 09:30:17',1,1),(50,'馒头',12,1.00,'https://chen01-take-out.oss-cn-beijing.aliyuncs.com/04cc89fe-9434-4e9a-82de-417d65b5b614.png','优质面粉',1,'2022-06-10 09:34:28','2022-06-10 09:34:28',1,1),(51,'老坛酸菜鱼',20,56.00,'https://chen01-take-out.oss-cn-beijing.aliyuncs.com/d1ddac94-5500-4195-b8e9-ca778559e9a1.png','原料：汤，草鱼，酸菜',1,'2022-06-10 09:40:51','2024-02-29 10:36:02',1,1),(52,'经典酸菜鮰鱼',20,66.00,'https://chen01-take-out.oss-cn-beijing.aliyuncs.com/05aeca49-ae28-4f50-a0e4-de4742f756e2.png','原料：酸菜，江团，鮰鱼',1,'2022-06-10 09:46:02','2024-02-29 10:35:53',1,1),(53,'蜀味水煮草鱼',20,38.00,'https://chen01-take-out.oss-cn-beijing.aliyuncs.com/a0c65233-2255-4307-a704-45a5ac30dc14.png','原料：草鱼，汤',1,'2022-06-10 09:48:37','2024-02-29 10:35:39',1,1),(54,'清炒小油菜',19,18.00,'https://chen01-take-out.oss-cn-beijing.aliyuncs.com/328c6d7d-436d-44d1-b305-5b6eb8c79f3d.png','原料：小油菜',1,'2022-06-10 09:51:46','2022-06-10 09:51:46',1,1),(55,'蒜蓉娃娃菜',19,18.00,'https://chen01-take-out.oss-cn-beijing.aliyuncs.com/e6376e7c-00d3-4c76-8a30-ef7270062f45.png','原料：蒜，娃娃菜',1,'2022-06-10 09:53:37','2022-06-10 09:53:37',1,1),(56,'清炒西兰花',19,18.00,'https://chen01-take-out.oss-cn-beijing.aliyuncs.com/661cf4ea-5c9c-4a11-a860-21c0b528a0cf.png','原料：西兰花',1,'2022-06-10 09:55:44','2024-02-29 10:35:17',1,1),(57,'炝炒圆白菜',19,18.00,'https://chen01-take-out.oss-cn-beijing.aliyuncs.com/566561f6-c1e4-4a58-8693-105a036ae79a.png','原料：圆白菜',1,'2022-06-10 09:58:35','2022-06-10 09:58:35',1,1),(58,'清蒸鲈鱼',18,98.00,'https://chen01-take-out.oss-cn-beijing.aliyuncs.com/5f6a119a-7f82-462e-b58b-078809d173b8.png','原料：鲈鱼',1,'2022-06-10 10:12:28','2024-02-29 10:35:04',1,1),(59,'东坡肘子',18,138.00,'https://chen01-take-out.oss-cn-beijing.aliyuncs.com/e39cdbb6-9331-4e7a-973f-acd141554593.png','原料：猪肘棒',1,'2022-06-10 10:24:03','2022-06-10 10:24:03',1,1),(60,'梅菜扣肉',18,58.00,'https://chen01-take-out.oss-cn-beijing.aliyuncs.com/e39cdbb6-9331-4e7a-973f-acd141554593.png','原料：猪肉，梅菜',1,'2022-06-10 10:26:03','2022-06-10 10:26:03',1,1),(61,'剁椒鱼头',18,66.00,'https://chen01-take-out.oss-cn-beijing.aliyuncs.com/eac85651-e10a-427c-8d46-4166f23e57e2.png','原料：鲢鱼，剁椒',1,'2022-06-10 10:28:54','2022-06-10 10:28:54',1,1),(62,'金汤酸菜牛蛙',17,88.00,'https://chen01-take-out.oss-cn-beijing.aliyuncs.com/c4eb1d25-b577-4dad-a492-dbb60f85ec36.png','原料：鲜活牛蛙，酸菜',1,'2022-06-10 10:33:05','2022-06-10 10:33:05',1,1),(63,'香锅牛蛙',17,88.00,'https://chen01-take-out.oss-cn-beijing.aliyuncs.com/2dd658f0-d1ee-4934-bb87-bbb1130b9e56.png','配料：鲜活牛蛙，莲藕，青笋',1,'2022-06-10 10:35:40','2022-06-10 10:35:40',1,1),(64,'馋嘴牛蛙',17,88.00,'https://chen01-take-out.oss-cn-beijing.aliyuncs.com/eb52a10f-bf0e-40c7-bcf6-c2f01a21261c.png','配料：鲜活牛蛙，丝瓜，黄豆芽',1,'2022-06-10 10:37:52','2022-06-10 10:37:52',1,1),(65,'草鱼2斤',16,68.00,'https://chen01-take-out.oss-cn-beijing.aliyuncs.com/39335c2f-11a9-4e6b-a61b-5c7944d45936.png','原料：草鱼，黄豆芽，莲藕',1,'2022-06-10 10:41:08','2022-06-10 10:41:08',1,1),(66,'江团鱼2斤',16,119.00,'https://chen01-take-out.oss-cn-beijing.aliyuncs.com/9bb50b51-f65a-454a-9f64-1de32cd642c3.png','配料：江团鱼，黄豆芽，莲藕',1,'2022-06-10 10:42:42','2022-06-10 10:42:42',1,1),(67,'鮰鱼2斤',16,72.00,'https://chen01-take-out.oss-cn-beijing.aliyuncs.com/cee4e00a-a32f-4909-b87d-e0cb8769d38f.png','原料：鮰鱼，黄豆芽，莲藕',1,'2022-06-10 10:43:56','2024-02-29 10:34:42',1,1),(68,'鸡蛋汤',21,4.00,'https://chen01-take-out.oss-cn-beijing.aliyuncs.com/634a15b8-6b43-4452-856e-87ec329063d2.png','配料：鸡蛋，紫菜',1,'2022-06-10 10:54:25','2022-06-10 10:54:25',1,1),(69,'平菇豆腐汤',21,6.00,'https://chen01-take-out.oss-cn-beijing.aliyuncs.com/3979267c-3103-41ef-b655-c750ed73746e.png','配料：豆腐，平菇',1,'2022-06-10 10:55:02','2022-06-10 10:55:02',1,1);
/*!40000 ALTER TABLE `dish` ENABLE KEYS */;
UNLOCK TABLES;

--
-- Table structure for table `dish_flavor`
--

DROP TABLE IF EXISTS `dish_flavor`;
/*!40101 SET @saved_cs_client     = @@character_set_client */;
/*!50503 SET character_set_client = utf8mb4 */;
CREATE TABLE `dish_flavor` (
  `id` bigint NOT NULL AUTO_INCREMENT COMMENT '主键',
  `dish_id` bigint NOT NULL COMMENT '菜品',
  `name` varchar(32) CHARACTER SET utf8mb3 COLLATE utf8mb3_bin DEFAULT NULL COMMENT '口味名称',
  `value` varchar(255) CHARACTER SET utf8mb3 COLLATE utf8mb3_bin DEFAULT NULL COMMENT '口味数据list',
  PRIMARY KEY (`id`)
) ENGINE=InnoDB AUTO_INCREMENT=112 DEFAULT CHARSET=utf8mb3 COLLATE=utf8mb3_bin COMMENT='菜品口味关系表';
/*!40101 SET character_set_client = @saved_cs_client */;

--
-- Dumping data for table `dish_flavor`
--

LOCK TABLES `dish_flavor` WRITE;
/*!40000 ALTER TABLE `dish_flavor` DISABLE KEYS */;
INSERT INTO `dish_flavor` VALUES (40,10,'甜味','[\"无糖\",\"少糖\",\"半糖\",\"多糖\",\"全糖\"]'),(41,7,'忌口','[\"不要葱\",\"不要蒜\",\"不要香菜\",\"不要辣\"]'),(42,7,'温度','[\"热饮\",\"常温\",\"去冰\",\"少冰\",\"多冰\"]'),(45,6,'忌口','[\"不要葱\",\"不要蒜\",\"不要香菜\",\"不要辣\"]'),(46,6,'辣度','[\"不辣\",\"微辣\",\"中辣\",\"重辣\"]'),(47,5,'辣度','[\"不辣\",\"微辣\",\"中辣\",\"重辣\"]'),(48,5,'甜味','[\"无糖\",\"少糖\",\"半糖\",\"多糖\",\"全糖\"]'),(49,2,'甜味','[\"无糖\",\"少糖\",\"半糖\",\"多糖\",\"全糖\"]'),(50,4,'甜味','[\"无糖\",\"少糖\",\"半糖\",\"多糖\",\"全糖\"]'),(51,3,'甜味','[\"无糖\",\"少糖\",\"半糖\",\"多糖\",\"全糖\"]'),(52,3,'忌口','[\"不要葱\",\"不要蒜\",\"不要香菜\",\"不要辣\"]'),(94,54,'忌口','[\"不要葱\",\"不要蒜\",\"不要香菜\"]'),(96,57,'忌口','[\"不要葱\",\"不要蒜\",\"不要香菜\",\"不要辣\"]'),(97,60,'忌口','[\"不要葱\",\"不要蒜\",\"不要香菜\",\"不要辣\"]'),(101,66,'辣度','[\"不辣\",\"微辣\",\"中辣\",\"重辣\"]'),(103,65,'辣度','[\"不辣\",\"微辣\",\"中辣\",\"重辣\"]'),(104,67,'辣度','[\"不辣\",\"微辣\",\"中辣\",\"重辣\"]'),(105,56,'忌口','[\"不要葱\",\"不要蒜\",\"不要香菜\",\"不要辣\"]'),(106,53,'忌口','[\"不要葱\",\"不要蒜\",\"不要香菜\",\"不要辣\"]'),(107,53,'辣度','[\"不辣\",\"微辣\",\"中辣\",\"重辣\"]'),(108,52,'忌口','[\"不要葱\",\"不要蒜\",\"不要香菜\",\"不要辣\"]'),(109,52,'辣度','[\"不辣\",\"微辣\",\"中辣\",\"重辣\"]'),(110,51,'忌口','[\"不要葱\",\"不要蒜\",\"不要香菜\",\"不要辣\"]'),(111,51,'辣度','[\"不辣\",\"微辣\",\"中辣\",\"重辣\"]');
/*!40000 ALTER TABLE `dish_flavor` ENABLE KEYS */;
UNLOCK TABLES;

--
-- Table structure for table `employee`
--

DROP TABLE IF EXISTS `employee`;
/*!40101 SET @saved_cs_client     = @@character_set_client */;
/*!50503 SET character_set_client = utf8mb4 */;
CREATE TABLE `employee` (
  `id` bigint NOT NULL AUTO_INCREMENT COMMENT '主键',
  `name` varchar(32) CHARACTER SET utf8mb3 COLLATE utf8mb3_bin NOT NULL COMMENT '姓名',
  `username` varchar(32) CHARACTER SET utf8mb3 COLLATE utf8mb3_bin NOT NULL COMMENT '用户名',
  `password` varchar(64) CHARACTER SET utf8mb3 COLLATE utf8mb3_bin NOT NULL COMMENT '密码',
  `phone` varchar(11) CHARACTER SET utf8mb3 COLLATE utf8mb3_bin NOT NULL COMMENT '手机号',
  `sex` varchar(2) CHARACTER SET utf8mb3 COLLATE utf8mb3_bin NOT NULL COMMENT '性别',
  `id_number` varchar(18) CHARACTER SET utf8mb3 COLLATE utf8mb3_bin NOT NULL COMMENT '身份证号',
  `status` int NOT NULL DEFAULT '1' COMMENT '状态 0:禁用，1:启用',
  `create_time` datetime DEFAULT NULL COMMENT '创建时间',
  `update_time` datetime DEFAULT NULL COMMENT '更新时间',
  `create_user` bigint DEFAULT NULL COMMENT '创建人',
  `update_user` bigint DEFAULT NULL COMMENT '修改人',
  PRIMARY KEY (`id`),
  UNIQUE KEY `idx_username` (`username`)
) ENGINE=InnoDB AUTO_INCREMENT=2 DEFAULT CHARSET=utf8mb3 COLLATE=utf8mb3_bin COMMENT='员工信息';
/*!40101 SET character_set_client = @saved_cs_client */;

--
-- Dumping data for table `employee`
--

LOCK TABLES `employee` WRITE;
/*!40000 ALTER TABLE `employee` DISABLE KEYS */;
INSERT INTO `employee` VALUES (1,'管理员','admin','e10adc3949ba59abbe56e057f20f883e','13812312312','1','110101199001010047',1,'2022-02-15 15:51:20','2022-02-17 09:16:20',10,1);
/*!40000 ALTER TABLE `employee` ENABLE KEYS */;
UNLOCK TABLES;

--
-- Table structure for table `order_detail`
--

DROP TABLE IF EXISTS `order_detail`;
/*!40101 SET @saved_cs_client     = @@character_set_client */;
/*!50503 SET character_set_client = utf8mb4 */;
CREATE TABLE `order_detail` (
  `id` bigint NOT NULL AUTO_INCREMENT COMMENT '主键',
  `name` varchar(32) CHARACTER SET utf8mb3 COLLATE utf8mb3_bin DEFAULT NULL COMMENT '名字',
  `image` varchar(255) CHARACTER SET utf8mb3 COLLATE utf8mb3_bin DEFAULT NULL COMMENT '图片',
  `order_id` bigint NOT NULL COMMENT '订单id',
  `dish_id` bigint DEFAULT NULL COMMENT '菜品id',
  `setmeal_id` bigint DEFAULT NULL COMMENT '套餐id',
  `dish_flavor` varchar(50) CHARACTER SET utf8mb3 COLLATE utf8mb3_bin DEFAULT NULL COMMENT '口味',
  `number` int NOT NULL DEFAULT '1' COMMENT '数量',
  `amount` decimal(10,2) NOT NULL COMMENT '金额',
  PRIMARY KEY (`id`)
) ENGINE=InnoDB AUTO_INCREMENT=5 DEFAULT CHARSET=utf8mb3 COLLATE=utf8mb3_bin COMMENT='订单明细表';
/*!40101 SET character_set_client = @saved_cs_client */;

--
-- Dumping data for table `order_detail`
--

LOCK TABLES `order_detail` WRITE;
/*!40000 ALTER TABLE `order_detail` DISABLE KEYS */;
/*!40000 ALTER TABLE `order_detail` ENABLE KEYS */;
UNLOCK TABLES;

--
-- Table structure for table `orders`
--

DROP TABLE IF EXISTS `orders`;
/*!40101 SET @saved_cs_client     = @@character_set_client */;
/*!50503 SET character_set_client = utf8mb4 */;
CREATE TABLE `orders` (
  `id` bigint NOT NULL AUTO_INCREMENT COMMENT '主键',
  `number` varchar(50) CHARACTER SET utf8mb3 COLLATE utf8mb3_bin DEFAULT NULL COMMENT '订单号',
  `status` int NOT NULL DEFAULT '1' COMMENT '订单状态 1待付款 2待接单 3已接单 4派送中 5已完成 6已取消 7退款',
  `user_id` bigint NOT NULL COMMENT '下单用户',
  `address_book_id` bigint NOT NULL COMMENT '地址id',
  `order_time` datetime NOT NULL COMMENT '下单时间',
  `checkout_time` datetime DEFAULT NULL COMMENT '结账时间',
  `pay_method` int NOT NULL DEFAULT '1' COMMENT '支付方式 1微信,2支付宝',
  `pay_status` tinyint NOT NULL DEFAULT '0' COMMENT '支付状态 0未支付 1已支付 2退款',
  `amount` decimal(10,2) NOT NULL COMMENT '实收金额',
  `remark` varchar(100) CHARACTER SET utf8mb3 COLLATE utf8mb3_bin DEFAULT NULL COMMENT '备注',
  `phone` varchar(11) CHARACTER SET utf8mb3 COLLATE utf8mb3_bin DEFAULT NULL COMMENT '手机号',
  `address` varchar(255) CHARACTER SET utf8mb3 COLLATE utf8mb3_bin DEFAULT NULL COMMENT '地址',
  `user_name` varchar(32) CHARACTER SET utf8mb3 COLLATE utf8mb3_bin DEFAULT NULL COMMENT '用户名称',
  `consignee` varchar(32) CHARACTER SET utf8mb3 COLLATE utf8mb3_bin DEFAULT NULL COMMENT '收货人',
  `cancel_reason` varchar(255) CHARACTER SET utf8mb3 COLLATE utf8mb3_bin DEFAULT NULL COMMENT '订单取消原因',
  `rejection_reason` varchar(255) CHARACTER SET utf8mb3 COLLATE utf8mb3_bin DEFAULT NULL COMMENT '订单拒绝原因',
  `cancel_time` datetime DEFAULT NULL COMMENT '订单取消时间',
  `estimated_delivery_time` datetime DEFAULT NULL COMMENT '预计送达时间',
  `delivery_status` tinyint(1) NOT NULL DEFAULT '1' COMMENT '配送状态  1立即送出  0选择具体时间',
  `delivery_time` datetime DEFAULT NULL COMMENT '送达时间',
  `pack_amount` int DEFAULT NULL COMMENT '打包费',
  `tableware_number` int DEFAULT NULL COMMENT '餐具数量',
  `tableware_status` tinyint(1) NOT NULL DEFAULT '1' COMMENT '餐具数量状态  1按餐量提供  0选择具体数量',
  PRIMARY KEY (`id`)
) ENGINE=InnoDB AUTO_INCREMENT=4 DEFAULT CHARSET=utf8mb3 COLLATE=utf8mb3_bin COMMENT='订单表';
/*!40101 SET character_set_client = @saved_cs_client */;

--
-- Dumping data for table `orders`
--

LOCK TABLES `orders` WRITE;
/*!40000 ALTER TABLE `orders` DISABLE KEYS */;
/*!40000 ALTER TABLE `orders` ENABLE KEYS */;
UNLOCK TABLES;

--
-- Table structure for table `setmeal`
--

DROP TABLE IF EXISTS `setmeal`;
/*!40101 SET @saved_cs_client     = @@character_set_client */;
/*!50503 SET character_set_client = utf8mb4 */;
CREATE TABLE `setmeal` (
  `id` bigint NOT NULL AUTO_INCREMENT COMMENT '主键',
  `category_id` bigint NOT NULL COMMENT '菜品分类id',
  `name` varchar(32) CHARACTER SET utf8mb3 COLLATE utf8mb3_bin NOT NULL COMMENT '套餐名称',
  `price` decimal(10,2) NOT NULL COMMENT '套餐价格',
  `status` int DEFAULT '1' COMMENT '售卖状态 0:停售 1:起售',
  `description` varchar(255) CHARACTER SET utf8mb3 COLLATE utf8mb3_bin DEFAULT NULL COMMENT '描述信息',
  `image` varchar(255) CHARACTER SET utf8mb3 COLLATE utf8mb3_bin DEFAULT NULL COMMENT '图片',
  `create_time` datetime DEFAULT NULL COMMENT '创建时间',
  `update_time` datetime DEFAULT NULL COMMENT '更新时间',
  `create_user` bigint DEFAULT NULL COMMENT '创建人',
  `update_user` bigint DEFAULT NULL COMMENT '修改人',
  PRIMARY KEY (`id`),
  UNIQUE KEY `idx_setmeal_name` (`name`)
) ENGINE=InnoDB AUTO_INCREMENT=32 DEFAULT CHARSET=utf8mb3 COLLATE=utf8mb3_bin COMMENT='套餐';
/*!40101 SET character_set_client = @saved_cs_client */;

--
-- Dumping data for table `setmeal`
--

LOCK TABLES `setmeal` WRITE;
/*!40000 ALTER TABLE `setmeal` DISABLE KEYS */;
/*!40000 ALTER TABLE `setmeal` ENABLE KEYS */;
UNLOCK TABLES;

--
-- Table structure for table `setmeal_dish`
--

DROP TABLE IF EXISTS `setmeal_dish`;
/*!40101 SET @saved_cs_client     = @@character_set_client */;
/*!50503 SET character_set_client = utf8mb4 */;
CREATE TABLE `setmeal_dish` (
  `id` bigint NOT NULL AUTO_INCREMENT COMMENT '主键',
  `setmeal_id` bigint DEFAULT NULL COMMENT '套餐id',
  `dish_id` bigint DEFAULT NULL COMMENT '菜品id',
  `name` varchar(32) CHARACTER SET utf8mb3 COLLATE utf8mb3_bin DEFAULT NULL COMMENT '菜品名称 （冗余字段）',
  `price` decimal(10,2) DEFAULT NULL COMMENT '菜品单价（冗余字段）',
  `copies` int DEFAULT NULL COMMENT '菜品份数',
  PRIMARY KEY (`id`)
) ENGINE=InnoDB AUTO_INCREMENT=47 DEFAULT CHARSET=utf8mb3 COLLATE=utf8mb3_bin COMMENT='套餐菜品关系';
/*!40101 SET character_set_client = @saved_cs_client */;

--
-- Dumping data for table `setmeal_dish`
--

LOCK TABLES `setmeal_dish` WRITE;
/*!40000 ALTER TABLE `setmeal_dish` DISABLE KEYS */;
/*!40000 ALTER TABLE `setmeal_dish` ENABLE KEYS */;
UNLOCK TABLES;

--
-- Table structure for table `shopping_cart`
--

DROP TABLE IF EXISTS `shopping_cart`;
/*!40101 SET @saved_cs_client     = @@character_set_client */;
/*!50503 SET character_set_client = utf8mb4 */;
CREATE TABLE `shopping_cart` (
  `id` bigint NOT NULL AUTO_INCREMENT COMMENT '主键',
  `name` varchar(32) CHARACTER SET utf8mb3 COLLATE utf8mb3_bin DEFAULT NULL COMMENT '商品名称',
  `image` varchar(255) CHARACTER SET utf8mb3 COLLATE utf8mb3_bin DEFAULT NULL COMMENT '图片',
  `user_id` bigint NOT NULL COMMENT '主键',
  `dish_id` bigint DEFAULT NULL COMMENT '菜品id',
  `setmeal_id` bigint DEFAULT NULL COMMENT '套餐id',
  `dish_flavor` varchar(50) CHARACTER SET utf8mb3 COLLATE utf8mb3_bin DEFAULT NULL COMMENT '口味',
  `number` int NOT NULL DEFAULT '1' COMMENT '数量',
  `amount` decimal(10,2) NOT NULL COMMENT '金额',
  `create_time` datetime DEFAULT NULL COMMENT '创建时间',
  PRIMARY KEY (`id`)
) ENGINE=InnoDB AUTO_INCREMENT=9 DEFAULT CHARSET=utf8mb3 COLLATE=utf8mb3_bin COMMENT='购物车';
/*!40101 SET character_set_client = @saved_cs_client */;

--
-- Dumping data for table `shopping_cart`
--

LOCK TABLES `shopping_cart` WRITE;
/*!40000 ALTER TABLE `shopping_cart` DISABLE KEYS */;
/*!40000 ALTER TABLE `shopping_cart` ENABLE KEYS */;
UNLOCK TABLES;

--
-- Table structure for table `user`
--

DROP TABLE IF EXISTS `user`;
/*!40101 SET @saved_cs_client     = @@character_set_client */;
/*!50503 SET character_set_client = utf8mb4 */;
CREATE TABLE `user` (
  `id` bigint NOT NULL AUTO_INCREMENT COMMENT '主键',
  `openid` varchar(45) CHARACTER SET utf8mb3 COLLATE utf8mb3_bin DEFAULT NULL COMMENT '微信用户唯一标识',
  `name` varchar(32) CHARACTER SET utf8mb3 COLLATE utf8mb3_bin DEFAULT NULL COMMENT '姓名',
  `phone` varchar(11) CHARACTER SET utf8mb3 COLLATE utf8mb3_bin DEFAULT NULL COMMENT '手机号',
  `sex` varchar(2) CHARACTER SET utf8mb3 COLLATE utf8mb3_bin DEFAULT NULL COMMENT '性别',
  `id_number` varchar(18) CHARACTER SET utf8mb3 COLLATE utf8mb3_bin DEFAULT NULL COMMENT '身份证号',
  `avatar` varchar(500) CHARACTER SET utf8mb3 COLLATE utf8mb3_bin DEFAULT NULL COMMENT '头像',
  `create_time` datetime DEFAULT NULL,
  PRIMARY KEY (`id`)
) ENGINE=InnoDB AUTO_INCREMENT=4 DEFAULT CHARSET=utf8mb3 COLLATE=utf8mb3_bin COMMENT='用户信息';
/*!40101 SET character_set_client = @saved_cs_client */;

--
-- Dumping data for table `user`
--

LOCK TABLES `user` WRITE;
/*!40000 ALTER TABLE `user` DISABLE KEYS */;
/*!40000 ALTER TABLE `user` ENABLE KEYS */;
UNLOCK TABLES;

--
-- Dumping routines for database 'sky_take_out'
--
/*!40103 SET TIME_ZONE=@OLD_TIME_ZONE */;

/*!40101 SET SQL_MODE=@OLD_SQL_MODE */;
/*!40014 SET FOREIGN_KEY_CHECKS=@OLD_FOREIGN_KEY_CHECKS */;
/*!40014 SET UNIQUE_CHECKS=@OLD_UNIQUE_CHECKS */;
/*!40101 SET CHARACTER_SET_CLIENT=@OLD_CHARACTER_SET_CLIENT */;
/*!40101 SET CHARACTER_SET_RESULTS=@OLD_CHARACTER_SET_RESULTS */;
/*!40101 SET COLLATION_CONNECTION=@OLD_COLLATION_CONNECTION */;
/*!40111 SET SQL_NOTES=@OLD_SQL_NOTES */;

-- Dump completed on 2024-02-29 10:37:48
